PartSOM_Fast_to_SOM_Slow,0.28036307107709157
SOM_FastDecCoeffStandard,0.00013321292725585379
PartSMB_Fast_to_SOM_Fast,0.53768832763778118
PartSMB_Slow_to_SOM_Fast,0.67118142487313259
AOM_SlowDecCoeffStandard,0.00033678978913426292
SOM_SlowDecCoeffStandard,6.0327366409170549e-05
AOM_SlowUtilizationEfficiency,0.60710855736013736
